data_inversa;dia_semana;br;km;causa_acidente;tipo_acidente;fase_dia;condicao_metereologica;mortos;ilesos;feridos;latitude;longitude
2014-03-02;domingo;174;980.0;Ultrapassagem indevida;Colisão frontal;pleno dia;chuva;2;0;2;;
2014-01-19;domingo;174;948.0;Ultrapassagem indevida;Saída de Pista;plena noite;ignorado;0;1;4;;
2014-02-24;segunda;174;939.0;Falta de atenção;Colisão com objeto fixo;plena noite;ignorado;0;2;0;;
2014-03-16;domingo;174;976.0;Outras;Saída de Pista;pleno dia;ceu claro;0;1;0;;
2014-03-02;domingo;174;943.0;Defeito na via;Saída de Pista;plena noite;nevoeiro/neblina;0;1;0;;
2014-03-22;sábado;174;922.0;Velocidade incompatível;Atropelamento de pessoa;plena noite;chuva;1;0;0;;
2014-03-26;quarta;174;886.0;Desobediência à sinalização;Colisão lateral;pleno dia;ceu claro;0;2;0;;
2014-02-23;domingo;174;938.6;Outras;Colisão com objeto fixo;plena noite;ceu claro;0;2;10;;
2014-03-29;sábado;174;923.5;Falta de atenção;Colisão traseira;pleno dia;ceu claro;0;7;0;;
2014-03-29;sábado;174;943.2;Outras;Saída de Pista;plena noite;ceu claro;0;3;2;;
2014-03-28;sexta;319;1.0;Desobediência à sinalização;Colisão lateral;pleno dia;nublado;0;2;0;;
2014-04-03;quinta;174;958.0;Falta de atenção;Tombamento;pleno dia;ceu claro;0;2;1;;
2014-04-04;sexta;174;934.8;Falta de atenção;Colisão traseira;pleno dia;sol;0;5;0;;
2014-04-05;sábado;174;959.0;Defeito na via;Capotamento;pleno dia;ceu claro;0;1;0;;
2014-04-18;sexta;174;894.0;Não guardar distância de segurança;Colisão traseira;pleno dia;sol;0;1;2;;
2014-04-19;sábado;174;893.9;Velocidade incompatível;Colisão traseira;pleno dia;sol;0;2;0;;
2014-04-22;terça;174;964.0;Defeito mecânico em veículo;Saída de Pista;pleno dia;sol;0;1;0;;
2014-05-04;domingo;174;913.0;Velocidade incompatível;Saída de Pista;pleno dia;chuva;0;2;1;;
2014-05-08;quinta;174;922.0;Outras;Queda de motocicleta / bicicleta / veículo;pleno dia;ceu claro;0;0;2;;
2014-05-08;quinta;174;885.0;Falta de atenção;Colisão traseira;anoitecer;ceu claro;0;2;0;;
2014-05-17;sábado;174;947.0;Falta de atenção;Saída de Pista;amanhecer;chuva;0;3;0;;
2014-05-22;quinta;174;907.7;Defeito mecânico em veículo;Saída de Pista;pleno dia;sol;0;0;0;;
2014-05-30;sexta;174;925.0;Velocidade incompatível;Saída de Pista;pleno dia;ceu claro;0;0;1;;
2014-05-31;sábado;174;938.0;Velocidade incompatível;Saída de Pista;pleno dia;chuva;0;1;1;;
2014-06-01;domingo;174;949.0;Velocidade incompatível;Saída de Pista;pleno dia;ceu claro;0;1;1;;
2014-06-01;domingo;174;930.5;Dormindo;Saída de Pista;pleno dia;ceu claro;0;2;0;;
2014-06-01;domingo;174;963.0;Defeito mecânico em veículo;Queda de motocicleta / bicicleta / veículo;pleno dia;ceu claro;0;0;2;;
2014-06-04;quarta;174;934.0;Outras;Saída de Pista;plena noite;nublado;0;1;0;;
2014-06-03;terça;174;1126.0;Defeito na via;Saída de Pista;anoitecer;ignorado;0;1;0;;
2014-01-05;domingo;174;953.0;Velocidade incompatível;Saída de Pista;pleno dia;ignorado;0;0;0;;
2014-06-05;quinta;174;890.0;Velocidade incompatível;Saída de Pista;anoitecer;chuva;0;2;0;;
2014-06-25;quarta;174;887.0;Não guardar distância de segurança;Colisão traseira;pleno dia;chuva;0;5;0;;
2014-04-11;sexta;174;884.8;Ultrapassagem indevida;Colisão frontal;pleno dia;ceu claro;0;1;1;;
2014-04-09;quarta;174;960.0;Outras;Saída de Pista;pleno dia;ceu claro;0;1;0;;
2014-07-14;segunda;174;955.0;Dormindo;Saída de Pista;amanhecer;ceu claro;0;0;1;;
2014-07-27;domingo;174;904.0;Ingestão de álcool;Colisão lateral;pleno dia;ceu claro;0;4;1;;
2014-07-26;sábado;174;926.0;Ingestão de álcool;Colisão traseira;anoitecer;ceu claro;0;2;0;;
2014-08-01;sexta;174;930.0;Dormindo;Tombamento;pleno dia;sol;0;1;0;;
2014-08-07;quinta;174;887.0;Velocidade incompatível;Saída de Pista;pleno dia;ceu claro;0;1;0;;
2014-08-09;sábado;174;935.0;Dormindo;Colisão com objeto fixo;plena noite;ceu claro;0;1;0;;
2014-08-13;quarta;174;905.0;Falta de atenção;Saída de Pista;plena noite;ceu claro;0;1;0;;
2014-08-23;sábado;174;918.0;Outras;Colisão frontal;amanhecer;ceu claro;2;2;0;;
2014-08-24;domingo;319;1.0;Ingestão de álcool;Colisão lateral;pleno dia;ceu claro;0;4;0;;
2014-09-04;quinta;174;886.0;Falta de atenção;Saída de Pista;anoitecer;ceu claro;0;0;1;;
2014-09-02;terça;174;886.0;Outras;Atropelamento de pessoa;plena noite;ceu claro;1;0;0;;
2014-08-07;quinta;174;927.0;Falta de atenção;Colisão traseira;pleno dia;ceu claro;0;2;0;;
2014-09-06;sábado;174;891.0;Falta de atenção;Colisão lateral;pleno dia;nublado;0;1;1;;
2014-09-07;domingo;174;887.0;Falta de atenção;Colisão traseira;anoitecer;ceu claro;0;7;0;;
2014-09-15;segunda;174;915.0;Falta de atenção;Colisão Transversal;pleno dia;ceu claro;0;1;0;;
2014-10-04;sábado;174;923.9;Ultrapassagem indevida;Colisão frontal;plena noite;ceu claro;0;1;1;;
2014-10-02;quinta;174;912.0;Velocidade incompatível;Atropelamento de pessoa;pleno dia;nublado;1;2;0;;
2014-10-18;sábado;174;902.1;Outras;Colisão lateral;pleno dia;chuva;0;1;2;;
2014-10-20;segunda;174;907.0;Outras;Saída de Pista;plena noite;ceu claro;0;2;0;;
2014-10-24;sexta;174;889.0;Ultrapassagem indevida;Saída de Pista;pleno dia;chuva;0;0;1;;
2014-10-28;terça;174;963.0;Outras;Tombamento;pleno dia;sol;0;1;2;;
2014-10-30;quinta;319;0.8;Velocidade incompatível;Atropelamento de pessoa;plena noite;ceu claro;0;1;1;;
2014-11-03;segunda;174;956.0;Defeito mecânico em veículo;Capotamento;pleno dia;sol;0;0;2;;
2014-11-04;terça;174;921.0;Outras;Saída de Pista;pleno dia;chuva;0;2;0;;
2014-11-05;quarta;174;912.0;Outras;Capotamento;pleno dia;chuva;0;0;0;;
2014-11-09;domingo;174;929.0;Outras;Saída de Pista;pleno dia;chuva;0;2;0;;
2014-11-15;sábado;174;893.0;Velocidade incompatível;Colisão lateral;anoitecer;chuva;0;0;5;;
2014-11-19;quarta;174;899.6;Defeito mecânico em veículo;Saída de Pista;pleno dia;ceu claro;0;1;0;;
2014-11-20;quinta;174;974.0;Não guardar distância de segurança;Colisão traseira;pleno dia;ceu claro;0;9;0;;
2014-11-19;quarta;174;974.0;Outras;Saída de Pista;pleno dia;chuva;1;0;0;;
2014-12-01;segunda;174;894.0;Outras;Colisão Transversal;pleno dia;ceu claro;0;2;0;;
2014-11-29;sábado;174;924.0;Outras;Colisão com objeto fixo;anoitecer;ceu claro;0;6;0;;
2014-12-14;domingo;174;948.0;Velocidade incompatível;Saída de Pista;pleno dia;chuva;0;2;2;;
2014-12-15;segunda;174;916.0;Velocidade incompatível;Atropelamento de pessoa;plena noite;ceu claro;1;2;0;;
2014-12-19;sexta;319;1.0;Defeito mecânico em veículo;Colisão traseira;pleno dia;nublado;0;4;0;;
2014-12-21;domingo;174;887.0;Ultrapassagem indevida;Colisão Transversal;anoitecer;ignorado;0;0;0;;
2014-02-15;sábado;174;968.0;Falta de atenção;Colisão lateral;pleno dia;ceu claro;0;2;0;;
2014-10-14;terça;174;901.0;Velocidade incompatível;Colisão traseira;plena noite;nublado;0;1;3;;
2015-01-03;sábado;174;939.0;Velocidade incompatível;Saída de Pista;pleno dia;ceu claro;2;0;5;;
2015-01-07;quarta;174;1080.0;Defeito mecânico em veículo;Incêndio;pleno dia;ceu claro;0;2;0;;
2015-01-21;quarta;174;894.2;Velocidade incompatível;Colisão Transversal;anoitecer;chuva;0;3;0;;
2015-01-21;quarta;319;1.0;Falta de atenção;Colisão traseira;pleno dia;ceu claro;0;2;0;;
2015-01-17;sábado;174;928.0;Outras;Saída de Pista;plena noite;nevoeiro/neblina;0;0;1;;
2015-02-01;domingo;174;908.0;Velocidade incompatível;Saída de Pista;amanhecer;nevoeiro/neblina;0;0;0;;
2015-02-03;terça;174;961.0;Ingestão de álcool;Colisão traseira;anoitecer;ceu claro;0;5;0;;
2015-01-05;segunda;174;1002.0;Defeito na via;Saída de Pista;plena noite;nublado;0;2;0;;
2015-02-08;domingo;174;889.0;Não guardar distância de segurança;Colisão traseira;pleno dia;sol;0;12;1;;
2015-02-11;quarta;174;903.0;Ultrapassagem indevida;Colisão lateral;pleno dia;ceu claro;0;1;1;;
2015-02-14;sábado;174;924.0;Falta de atenção;Colisão traseira;pleno dia;ceu claro;0;2;0;;
2015-03-06;sexta;174;921.5;Não guardar distância de segurança;Colisão traseira;anoitecer;ceu claro;0;2;0;;
2015-03-10;terça;174;973.0;Falta de atenção;Colisão traseira;amanhecer;ceu claro;0;2;0;;
2015-03-30;segunda;174;901.5;Não guardar distância de segurança;Colisão traseira;pleno dia;ceu claro;0;3;0;;
2015-03-31;terça;174;968.0;Outras;Saída de Pista;pleno dia;chuva;0;0;1;;
2015-04-18;sábado;174;953.0;Falta de atenção;Saída de Pista;pleno dia;ceu claro;0;4;0;;
2015-04-19;domingo;174;940.0;Outras;Incêndio;amanhecer;ceu claro;0;2;0;;
2015-04-19;domingo;174;923.0;Defeito mecânico em veículo;Colisão traseira;pleno dia;ceu claro;0;3;1;;
2015-04-19;domingo;174;918.0;Não guardar distância de segurança;Colisão traseira;pleno dia;ceu claro;0;9;0;;
2015-04-25;sábado;174;925.0;Outras;Saída de Pista;pleno dia;nublado;0;0;1;;
2015-05-09;sábado;319;0.0;Outras;Colisão traseira;pleno dia;sol;0;2;0;;
2015-05-17;domingo;174;900.0;Falta de atenção;Colisão frontal;pleno dia;sol;0;3;5;;
2015-05-25;segunda;319;1.0;Falta de atenção;Colisão Transversal;pleno dia;sol;0;2;0;;
2015-05-26;terça;319;0.0;Falta de atenção;Colisão Transversal;pleno dia;sol;0;3;0;;
2015-06-04;quinta;174;898.0;Falta de atenção;Queda de motocicleta / bicicleta / veículo;plena noite;nevoeiro/neblina;0;0;0;;
2015-06-07;domingo;174;943.0;Ultrapassagem indevida;Colisão traseira;pleno dia;ceu claro;0;4;2;;
2015-06-05;sexta;174;919.0;Falta de atenção;Colisão frontal;plena noite;ceu claro;0;0;2;;
2015-06-06;sábado;174;937.0;Não guardar distância de segurança;Colisão traseira;anoitecer;ceu claro;0;7;0;;
2015-06-05;sexta;174;981.9;Velocidade incompatível;Saída de Pista;plena noite;nevoeiro/neblina;0;0;4;;
2015-06-14;domingo;174;893.0;Defeito mecânico em veículo;Colisão frontal;pleno dia;ceu claro;1;1;1;;
2015-06-25;quinta;174;941.0;Defeito mecânico em veículo;Capotamento;pleno dia;sol;1;0;1;;
2015-06-27;sábado;174;922.0;Velocidade incompatível;Atropelamento de pessoa;pleno dia;ceu claro;1;2;0;;
2015-06-06;sábado;174;957.0;Animais na Pista;Saída de Pista;pleno dia;nublado;0;2;1;;
2015-07-26;domingo;174;886.0;Falta de atenção;Colisão lateral;pleno dia;ceu claro;0;2;0;;
2015-08-12;quarta;174;896.5;Ultrapassagem indevida;Colisão lateral;pleno dia;nublado;0;1;0;;
2015-08-19;quarta;174;887.0;Ultrapassagem indevida;Saída de Pista;pleno dia;sol;0;0;0;;
2015-08-22;sábado;319;0.0;Falta de atenção;Colisão lateral;pleno dia;ceu claro;0;1;1;;
2015-08-25;terça;174;918.0;Dormindo;Saída de Pista;plena noite;ceu claro;0;2;0;;
2015-09-07;segunda;174;955.0;Defeito mecânico em veículo;Incêndio;pleno dia;ceu claro;0;4;0;;
2015-09-21;segunda;319;1.0;Falta de atenção;Colisão lateral;pleno dia;ceu claro;0;2;0;;
2015-09-19;sábado;174;940.0;Ingestão de álcool;Saída de Pista;pleno dia;sol;0;0;1;;
2015-09-26;sábado;174;885.0;Falta de atenção;Colisão frontal;anoitecer;ceu claro;0;1;1;;
2015-09-24;quinta;174;889.0;Falta de atenção;Tombamento;anoitecer;ceu claro;0;0;1;;
2015-10-03;sábado;174;950.0;Outras;Capotamento;pleno dia;sol;0;0;4;;
2015-10-12;segunda;174;894.0;Não guardar distância de segurança;Saída de Pista;plena noite;ignorado;0;1;5;;
2015-09-11;sexta;174;910.0;Dormindo;Colisão traseira;pleno dia;ceu claro;1;3;0;;
2015-10-25;domingo;174;953.0;Defeito mecânico em veículo;Tombamento;pleno dia;sol;0;1;0;;
2015-10-25;domingo;174;909.0;Ingestão de álcool;Colisão traseira;plena noite;ceu claro;0;1;2;;
2015-11-01;domingo;174;953.0;Outras;Saída de Pista;pleno dia;ceu claro;1;1;3;;
2015-11-07;sábado;174;935.0;Dormindo;Colisão frontal;pleno dia;ceu claro;0;0;3;;
2015-11-09;segunda;174;940.0;Ultrapassagem indevida;Saída de Pista;pleno dia;ceu claro;0;2;0;;
2015-11-10;terça;174;884.0;Ultrapassagem indevida;Colisão lateral;pleno dia;sol;0;2;0;;
2015-11-13;sexta;174;901.2;Falta de atenção;Colisão lateral;pleno dia;sol;0;2;0;;
2015-11-22;domingo;174;918.0;Ultrapassagem indevida;Saída de Pista;anoitecer;ceu claro;0;1;0;;
2015-12-06;domingo;174;900.0;Falta de atenção;Colisão Transversal;anoitecer;nublado;0;1;5;;
2015-12-10;quinta;174;998.0;Defeito mecânico em veículo;Colisão traseira;anoitecer;ceu claro;0;1;1;;
2015-12-12;sábado;174;913.0;Outras;Atropelamento de pessoa;plena noite;ceu claro;1;0;0;;
2015-12-19;sábado;174;923.0;Falta de atenção;Saída de Pista;pleno dia;ceu claro;0;0;1;;
2015-12-21;segunda;174;968.5;Outras;Saída de Pista;pleno dia;chuva;0;0;1;;
2015-12-23;quarta;174;968.9;Defeito na via;Saída de Pista;anoitecer;chuva;0;0;1;;
2015-12-20;domingo;174;909.0;Outras;Saída de Pista;amanhecer;nublado;0;2;0;;
2016-01-13;quarta;174;921.0;Outras;Saída de Pista;pleno dia;chuva;0;1;0;;
2016-01-15;sexta;174;957.0;Dormindo;Colisão frontal;pleno dia;ceu claro;0;1;1;;
2016-01-16;sábado;174;945.0;Outras;Danos Eventuais;pleno dia;ceu claro;0;0;1;;
2016-01-17;domingo;174;897.0;Defeito na via;Capotamento;pleno dia;sol;0;1;0;;
2016-01-31;domingo;174;891.9;Outras;Incêndio;amanhecer;ceu claro;0;1;0;;
2016-03-02;quarta;174;927.0;Outras;Saída de Pista;pleno dia;nublado;0;2;0;;
2016-08-02;segunda;174;1055.0;Falta de atenção;Saída de Pista;plena noite;ceu claro;0;2;1;;
2016-12-02;sexta;174;912.0;Ultrapassagem indevida;Capotamento;pleno dia;ceu claro;0;0;1;;
2016-02-20;sábado;174;916.0;Defeito mecânico em veículo;Saída de Pista;anoitecer;ceu claro;0;0;1;;
2016-04-03;sexta;174;988.0;Outras;Atropelamento de pessoa;amanhecer;ceu claro;1;0;0;;
2016-03-25;sexta;174;933.0;Outras;Colisão com objeto fixo;amanhecer;chuva;0;1;0;;
2016-03-27;domingo;174;929.0;Ingestão de álcool;Colisão com objeto fixo;anoitecer;ceu claro;1;0;4;;
2016-07-04;quinta;174;891.7;Falta de atenção;Colisão Transversal;pleno dia;sol;0;2;2;;
2016-07-04;quinta;174;909.0;Dormindo;Saída de Pista;amanhecer;ceu claro;0;41;4;;
2016-10-04;domingo;174;887.0;Ingestão de álcool;Colisão frontal;anoitecer;ceu claro;0;2;0;;
2016-04-23;sábado;174;930.0;Dormindo;Saída de Pista;plena noite;nevoeiro/neblina;0;0;1;;
2016-05-25;quarta;174;885.0;Falta de atenção;Colisão lateral;pleno dia;ceu claro;0;1;2;;
2016-05-27;sexta;174;919.0;Não guardar distância de segurança;Colisão traseira;pleno dia;sol;0;3;0;;
2016-03-06;sexta;174;904.0;Outras;Capotamento;pleno dia;chuva;0;0;4;;
2016-05-06;domingo;174;884.0;Ultrapassagem indevida;Colisão frontal;pleno dia;ceu claro;0;1;5;;
2016-06-19;domingo;174;895.0;Não guardar distância de segurança;Colisão traseira;pleno dia;sol;0;3;0;;
2016-06-20;segunda;174;899.0;Ingestão de álcool;Colisão traseira;anoitecer;ceu claro;0;0;4;;
2016-06-29;quarta;319;18.0;Defeito na via;Saída de Pista;anoitecer;ceu claro;0;4;0;;
2016-06-30;quinta;174;939.0;Defeito mecânico em veículo;Saída de Pista;pleno dia;ceu claro;0;1;0;;
2016-06-30;quinta;174;889.0;Falta de atenção;Colisão Transversal;plena noite;ceu claro;0;2;0;;
2016-07-15;sexta;174;959.0;Outras;Saída de Pista;plena noite;ceu claro;0;0;2;;
2016-07-25;segunda;174;884.0;Desobediência à sinalização;Colisão frontal;plena noite;ceu claro;0;1;0;;
2016-07-29;sexta;174;973.0;Outras;Saída de Pista;pleno dia;ceu claro;0;1;0;;
2016-07-31;domingo;174;904.9;Não guardar distância de segurança;Colisão traseira;pleno dia;ceu claro;0;4;1;;
2016-07-31;domingo;174;907.6;Falta de atenção;Atropelamento de pessoa;plena noite;chuva;0;0;0;;
2016-07-31;domingo;174;887.0;Outras;Atropelamento de pessoa;anoitecer;ceu claro;0;0;1;;
2016-07-08;domingo;174;915.0;Não guardar distância de segurança;Colisão traseira;pleno dia;ceu claro;0;1;0;;
2016-12-08;sexta;174;904.9;Outras;Colisão lateral;pleno dia;ceu claro;0;2;1;;
2016-12-08;sexta;174;929.0;Defeito mecânico em veículo;Saída de Pista;pleno dia;ceu claro;0;1;0;;
2016-08-19;sexta;174;941.1;Falta de atenção;Saída de Pista;plena noite;ceu claro;0;0;1;;
2016-08-23;terça;174;926.0;Falta de atenção;Colisão lateral;pleno dia;nublado;0;1;0;;
2016-08-21;domingo;174;889.0;Não guardar distância de segurança;Colisão lateral;plena noite;ceu claro;0;1;1;;
2016-05-08;sexta;174;959.0;Desobediência à sinalização;Colisão traseira;pleno dia;chuva;0;0;3;;
2016-08-27;sábado;174;953.0;Falta de atenção;Saída de Pista;anoitecer;nublado;0;1;2;;
2016-08-27;sábado;174;965.0;Outras;Colisão com bicicleta;plena noite;nublado;1;1;0;;
2016-08-26;sexta;174;893.0;Falta de atenção;Colisão traseira;amanhecer;ceu claro;0;1;1;;
2016-08-31;quarta;174;890.0;Outras;Colisão frontal;pleno dia;ceu claro;1;0;1;;
2016-05-09;segunda;174;937.8;Falta de atenção;Saída de Pista;pleno dia;nublado;0;2;2;;
2016-07-09;quarta;174;908.0;Falta de atenção;Colisão frontal;pleno dia;ceu claro;0;1;1;;
2016-09-20;terça;174;892.0;Outras;Saída de Pista;pleno dia;chuva;0;1;0;;
2016-09-25;domingo;174;938.8;Outras;Tombamento;anoitecer;ignorado;0;1;1;;
2016-09-24;sábado;174;916.0;Dormindo;Saída de Pista;plena noite;ceu claro;0;0;2;;
2016-04-10;terça;174;886.0;Falta de atenção;Colisão Transversal;pleno dia;ceu claro;0;1;2;;
2016-07-10;sexta;174;905.0;Desobediência à sinalização;Colisão frontal;amanhecer;ceu claro;0;0;1;;
2016-10-18;terça;174;959.0;Dormindo;Saída de Pista;pleno dia;ceu claro;0;0;1;;
2016-10-23;domingo;174;990.9;Defeito mecânico em veículo;Colisão com objeto fixo;pleno dia;chuva;0;1;0;;
2016-10-25;terça;174;914.0;Falta de atenção;Colisão traseira;anoitecer;chuva;0;3;0;;
2016-09-11;quarta;174;962.0;Falta de atenção;Saída de Pista;anoitecer;nublado;0;0;2;;
2016-11-13;domingo;174;903.0;Falta de atenção;Atropelamento de pessoa;plena noite;nevoeiro/neblina;1;0;0;;
2016-12-13;terça;174;910.0;Animais na Pista;Capotamento;pleno dia;chuva;0;0;2;;
2016-12-14;quarta;174;914.0;Outras;Saída de Pista;pleno dia;chuva;0;1;1;;
2016-12-26;segunda;174;909.0;Não guardar distância de segurança;Colisão traseira;pleno dia;ceu claro;0;4;0;;
2016-12-28;quarta;319;1.0;Outras;Danos Eventuais;plena noite;ceu claro;0;1;0;;
2017-01-14;sábado;174.0;904.0;Falta de Atenção à Condução;Saída de leito carroçável;plena noite;nublado;0;1;0;-2,80087174;-60,03708124
2017-01-18;quarta;174.0;890.0;Pista Escorregadia;Saída de leito carroçável;pleno dia;ceu claro;0;1;0;-2,91423946;-60,03890991
2017-01-20;sexta;174.0;947.0;Deficiência ou não Acionamento do Sistema de Iluminação/Sinalização do Veículo;Colisão com objeto estático;plena noite;ignorado;0;2;0;-2,42768094;-60,02946854
2017-01-28;sábado;174.0;914.0;Sinalização da via insuficiente ou inadequada;Colisão frontal;plena noite;nevoeiro/neblina;0;3;0;-2,70549313;-60,04910767
2017-02-07;terça;174.0;949.0;Objeto estático sobre o leito carroçável;Colisão com objeto estático;pleno dia;garoa/chuvisco;0;1;0;-2,13154245;-59,99702454
2017-02-09;quinta;174.0;975.0;Ultrapassagem Indevida;Colisão frontal;amanhecer;garoa/chuvisco;0;2;0;-2,46704129;-60,02869606
2017-03-02;quinta;174.0;940.3;Carga excessiva e/ou mal acondicionada;Tombamento;pleno dia;sol;0;0;1;-2,4893;-60,0334
2017-03-31;sexta;174.0;884.0;Falta de Atenção à Condução;Colisão transversal;plena noite;nublado;0;2;6;-2,9659701;-60,02087742
2017-04-15;sábado;174.0;898.9;Defeito Mecânico no Veículo;Incêndio;pleno dia;chuva;0;1;0;-2,86534604;-60,03476858
2017-04-18;terça;174.0;967.0;Avarias e/ou desgaste excessivo no pneu;Saída de leito carroçável;pleno dia;chuva;0;2;0;-2,241816;-60,028061
2017-04-19;quarta;174.0;916.0;Defeito Mecânico no Veículo;Saída de leito carroçável;pleno dia;sol;0;3;0;-2,6979;-60,0494
2017-04-20;quinta;174.0;955.0;Defeito na Via;Saída de leito carroçável;pleno dia;ceu claro;0;2;0;-2,3567;-60,0432
2017-04-22;sábado;174.0;889.0;Avarias e/ou desgaste excessivo no pneu;Saída de leito carroçável;pleno dia;ceu claro;0;1;0;-2,92999035;-60,03485441
2017-04-28;sexta;174.0;891.0;Ingestão de Álcool;Saída de leito carroçável;pleno dia;ceu claro;0;1;0;-3,1023283;-60,02544
2017-04-29;sábado;174.0;904.0;Pista Escorregadia;Saída de leito carroçável;pleno dia;chuva;0;1;1;-2,79321292;-60,03680974
2017-04-30;domingo;174.0;953.0;Velocidade Incompatível;Saída de leito carroçável;pleno dia;nublado;0;1;1;-2,37480742;-60,04106104
2017-04-30;domingo;174.0;885.0;Não guardar distância de segurança;Colisão frontal;plena noite;ceu claro;0;1;1;-2,9488429;-60,03350794
2017-05-12;sexta;174.0;953.7;Velocidade Incompatível;Saída de leito carroçável;pleno dia;ceu claro;0;1;0;-3,1023283;-60,02544
2017-05-25;quinta;174.0;898.0;Ultrapassagem Indevida;Saída de leito carroçável;pleno dia;nublado;0;1;0;-2,510743;-60,021347
2017-05-27;sábado;174.0;928.0;Avarias e/ou desgaste excessivo no pneu;Colisão traseira;pleno dia;ceu claro;0;2;0;-3,1023283;-60,02544
2017-05-29;segunda;319.0;0.0;Falta de Atenção à Condução;Danos eventuais;pleno dia;ceu claro;0;1;0;-3,13228334;-59,94352788
2017-06-13;terça;174.0;894.0;Velocidade Incompatível;Colisão frontal;plena noite;ceu claro;0;1;1;-2,9489615;-60,0329476
2017-06-15;quinta;174.0;975.0;Velocidade Incompatível;Colisão transversal;pleno dia;nublado;0;2;0;-2,1817;-60,011
2017-06-30;sexta;174.0;959.0;Ultrapassagem Indevida;Danos eventuais;pleno dia;chuva;0;2;0;-3,1023283;-60,02544
2017-07-01;sábado;174.0;932.0;Falta de Atenção à Condução;Saída de leito carroçável;pleno dia;ceu claro;0;1;0;-3,1023283;-60,02544
2017-07-06;quinta;174.0;913.9;Falta de Atenção à Condução;Colisão transversal;pleno dia;sol;0;2;0;-3,1023283;-60,02544
2017-07-09;domingo;174.0;898.0;Defeito Mecânico no Veículo;Incêndio;anoitecer;ignorado;0;1;0;-2,21868359;-60,02380371
2017-07-24;segunda;174.0;956.0;Falta de Atenção à Condução;Saída de leito carroçável;pleno dia;ceu claro;0;2;0;-2,3478;-60,0449
2017-07-28;sexta;174.0;884.0;Falta de Atenção à Condução;Colisão traseira;pleno dia;ceu claro;0;2;0;-2,96882488;-60,0180206
2017-08-28;segunda;174.0;907.5;Animais na Pista;Atropelamento de Animal;amanhecer;sol;0;2;0;-3,1023283;-60,02544
2017-09-09;sábado;174.0;925.0;Velocidade Incompatível;Capotamento;pleno dia;ceu claro;0;0;0;-2,61658269;-60,03948927
2017-09-08;sexta;174.0;893.0;Ingestão de Álcool;Colisão lateral;plena noite;ceu claro;0;2;0;-3,1023283;-60,02544